AccessionNum,total,unpaired,Acceptor,D-Loop,Anticodon,T-Loop,AA,AC,AG,AU,CC,CG,CU,GG,GU,UU
CR936257,71,27,7,4,6,5,0,0,0,2,0,16,0,0,2,2
AE013169,76,38,7,4,6,2,0,1,1,4,0,11,0,0,2,0
BX321863,76,32,7,4,6,5,0,0,1,5,0,15,0,0,1,0
AC006340,73,29,7,4,6,5,0,0,1,3,0,16,0,0,2,0
X03154,77,33,7,4,6,5,0,0,1,6,0,14,0,0,1,0
CR382129,73,29,7,4,6,5,0,0,0,6,0,13,0,0,3,0
AF137379,72,28,7,4,6,5,0,0,0,7,0,13,1,0,0,1
CP000473,76,32,7,4,6,5,0,0,1,4,0,16,0,0,1,0
BA000023,76,32,7,4,6,5,0,0,1,1,0,18,0,0,2,0
AE014184,74,30,7,4,6,5,0,0,1,1,0,18,0,0,2,0
CP000099,73,29,7,4,6,5,0,0,1,6,0,14,0,0,1,0
X04465,74,30,7,4,6,5,0,0,1,10,0,10,0,0,1,0
AY933788,77,35,6,4,6,5,0,0,1,4,0,14,0,0,2,0
AE000520,74,30,7,4,6,5,0,1,1,1,0,17,0,0,2,0
CP000143,77,33,7,4,6,5,0,0,1,3,0,17,0,0,1,0
AY934387,75,35,5,4,6,5,0,0,1,6,0,11,0,0,2,0
DQ396875,73,29,7,4,6,5,1,1,0,4,0,14,0,0,2,0
AY934018,74,32,6,4,6,5,0,0,1,5,1,13,0,0,1,0
K00283,77,33,7,4,6,5,0,0,0,4,0,16,0,0,2,0
BA000021,74,30,7,4,6,5,1,1,0,6,0,13,0,0,1,0
AP006618,77,33,7,4,6,5,0,0,0,6,0,14,1,0,1,0
X04779,74,30,7,4,6,5,0,0,1,6,0,13,0,0,2,0
AE017159,73,31,6,4,6,5,0,0,1,8,0,12,0,0,0,0
AY934393,76,34,6,4,6,5,0,0,1,8,0,12,0,0,0,0
AC004932,72,28,7,4,6,5,1,1,0,6,0,12,0,0,2,0
BX640433,74,30,7,4,6,5,0,0,2,4,0,14,0,0,2,0
CP000412,73,29,7,4,6,5,0,0,1,8,0,13,0,0,0,0
K02972,75,31,7,4,6,5,0,1,1,2,0,17,0,0,1,0
CP000423,74,30,7,4,6,5,0,1,0,7,0,14,0,0,0,0
AE009952,72,28,7,4,6,5,1,1,0,6,0,14,0,0,0,0
AY934351,77,35,6,4,6,5,0,0,1,5,0,15,0,0,0,0
AY934254,73,37,3,4,6,5,0,0,1,3,0,14,0,0,0,0
AE000657,73,29,7,4,6,5,0,0,1,2,0,18,0,0,1,0
U41549,72,28,7,4,6,5,0,2,0,3,0,12,0,0,5,0
DQ093144,73,29,7,4,6,5,0,0,1,5,0,15,0,0,1,0
CP000254,73,29,7,4,6,5,0,0,0,7,0,14,0,0,1,0
CP000492,74,30,7,4,6,5,0,0,2,5,0,14,0,0,1,0
AY934184,72,36,3,4,6,5,0,0,1,5,0,12,0,0,0,0
AJ010592,71,27,7,4,6,5,1,0,0,9,0,10,0,0,2,0
CP000471,75,31,7,4,6,5,0,0,0,4,0,15,1,0,2,0
K00349,76,32,7,4,6,5,0,0,1,8,0,13,0,0,0,0
CP000493,79,35,7,4,6,5,0,0,1,1,0,20,0,0,0,0
CP000142,77,33,7,4,6,5,0,0,1,2,0,18,0,0,1,0
BA000011,73,29,7,4,6,5,0,0,1,4,0,16,0,0,1,0
AY933864,76,38,4,4,6,5,0,1,1,6,0,10,0,0,1,0
BX569691,73,29,7,4,6,5,0,1,0,4,0,15,0,0,2,0
CP000141,77,33,7,4,6,5,0,0,1,2,0,18,0,0,1,0
AE008623,74,30,7,4,6,5,1,0,0,4,0,14,0,0,3,0
AJ248288,76,32,7,4,6,5,0,0,0,3,0,17,0,0,2,0
AJ294725,73,29,7,4,6,5,1,0,0,8,0,11,0,0,1,1
